{
    "__comment": "Model generated using MrCrayfish's Model Creator (http://mrcrayfish.com/modelcreator/)",
    "textures": {
        "particle": "blocks/planks_oak",
        "0": "blocks/planks_oak",
        "1": "testmod:blocks/leather_bellow"
    },
    "elements": [
        {
            "name": "Bottom",
            "from": [ 1.0, 2.0, 1.0 ], 
            "to": [ 15.0, 4.0, 15.0 ], 
            "faces": {
                "north": { "texture": "#0", "uv": [ 0.0, 0.0, 14.0, 2.0 ] },
                "east": { "texture": "#0", "uv": [ 0.0, 0.0, 14.0, 2.0 ] },
                "south": { "texture": "#0", "uv": [ 0.0, 0.0, 14.0, 2.0 ] },
                "west": { "texture": "#0", "uv": [ 0.0, 0.0, 14.0, 2.0 ] },
                "up": { "texture": "#0", "uv": [ 1.0, 1.0, 15.0, 15.0 ] },
                "down": { "texture": "#0", "uv": [ 1.0, 1.0, 15.0, 15.0 ] }
            }
        },
        {
            "name": "Middle",
            "from": [ 1.0, 7.0, 1.0 ], 
            "to": [ 15.0, 9.0, 15.0 ], 
            "faces": {
                "north": { "texture": "#0", "uv": [ 0.0, 0.0, 14.0, 2.0 ] },
                "east": { "texture": "#0", "uv": [ 0.0, 0.0, 14.0, 2.0 ] },
                "south": { "texture": "#0", "uv": [ 0.0, 0.0, 14.0, 2.0 ] },
                "west": { "texture": "#0", "uv": [ 0.0, 0.0, 14.0, 2.0 ] },
                "up": { "texture": "#0", "uv": [ 1.0, 1.0, 15.0, 15.0 ] },
                "down": { "texture": "#0", "uv": [ 1.0, 1.0, 15.0, 15.0 ] }
            }
        },
        {
            "name": "Top",
            "from": [ 1.0, 12.0, 1.0 ], 
            "to": [ 15.0, 14.0, 15.0 ], 
            "faces": {
                "north": { "texture": "#0", "uv": [ 0.0, 0.0, 14.0, 2.0 ] },
                "east": { "texture": "#0", "uv": [ 0.0, 0.0, 14.0, 2.0 ] },
                "south": { "texture": "#0", "uv": [ 0.0, 0.0, 14.0, 2.0 ] },
                "west": { "texture": "#0", "uv": [ 0.0, 0.0, 14.0, 2.0 ] },
                "up": { "texture": "#0", "uv": [ 1.0, 1.0, 15.0, 15.0 ] },
                "down": { "texture": "#0", "uv": [ 1.0, 1.0, 15.0, 15.0 ] }
            }
        },
        {
            "name": "TopMiddle",
            "from": [ 2.0, 9.0, 2.0 ], 
            "to": [ 14.0, 12.0, 14.0 ], 
            "faces": {
                "north": { "texture": "#1", "uv": [ 0.0, 0.0, 12.0, 4.0 ] },
                "east": { "texture": "#1", "uv": [ 3.0, 5.0, 15.0, 9.0 ] },
                "south": { "texture": "#1", "uv": [ 0.0, 0.0, 12.0, 4.0 ] },
                "west": { "texture": "#1", "uv": [ 0.0, 2.0, 12.0, 6.0 ] },
                "up": { "texture": "#0", "uv": [ 0.0, 0.0, 12.0, 12.0 ] },
                "down": { "texture": "#0", "uv": [ 0.0, 0.0, 12.0, 12.0 ] }
            }
        },
        {
            "name": "AirPort1",
            "from": [ 6.0, 6.0, 0.0 ], 
            "to": [ 10.0, 7.0, 2.0 ], 
            "faces": {
                "north": { "texture": "#0", "uv": [ 0.0, 0.0, 4.0, 1.0 ] },
                "east": { "texture": "#0", "uv": [ 0.0, 0.0, 2.0, 1.0 ] },
                "south": { "texture": "#0", "uv": [ 0.0, 0.0, 4.0, 1.0 ] },
                "west": { "texture": "#0", "uv": [ 0.0, 0.0, 2.0, 1.0 ] },
                "up": { "texture": "#0", "uv": [ 1.0, 1.0, 5.0, 3.0 ] },
                "down": { "texture": "#0", "uv": [ 0.0, 0.0, 4.0, 2.0 ] }
            }
        },
        {
            "name": "AirPort2",
            "from": [ 6.0, 9.0, 0.0 ], 
            "to": [ 10.0, 10.0, 2.0 ], 
            "faces": {
                "north": { "texture": "#0", "uv": [ 0.0, 0.0, 4.0, 1.0 ] },
                "east": { "texture": "#0", "uv": [ 0.0, 0.0, 2.0, 1.0 ] },
                "south": { "texture": "#0", "uv": [ 0.0, 0.0, 4.0, 1.0 ] },
                "west": { "texture": "#0", "uv": [ 0.0, 0.0, 2.0, 1.0 ] },
                "up": { "texture": "#0", "uv": [ 1.0, 1.0, 5.0, 3.0 ] },
                "down": { "texture": "#0", "uv": [ 0.0, 0.0, 4.0, 2.0 ] }
            }
        },
        {
            "name": "AirPort3",
            "from": [ 9.0, 7.0, 0.0 ], 
            "to": [ 10.0, 9.0, 1.0 ], 
            "faces": {
                "north": { "texture": "#0", "uv": [ 0.0, 0.0, 1.0, 2.0 ] },
                "east": { "texture": "#0", "uv": [ 1.0, 3.0, 2.0, 5.0 ] },
                "south": { "texture": "#0", "uv": [ 0.0, 0.0, 1.0, 2.0 ] },
                "west": { "texture": "#0", "uv": [ 10.0, 5.0, 11.0, 7.0 ] },
                "up": { "texture": "#0", "uv": [ 0.0, 0.0, 1.0, 1.0 ] },
                "down": { "texture": "#0", "uv": [ 0.0, 0.0, 1.0, 1.0 ] }
            }
        },
        {
            "name": "AirPort4",
            "from": [ 6.0, 7.0, 0.0 ], 
            "to": [ 7.0, 9.0, 1.0 ], 
            "faces": {
                "north": { "texture": "#0", "uv": [ 0.0, 0.0, 1.0, 2.0 ] },
                "east": { "texture": "#0", "uv": [ 1.0, 3.0, 2.0, 5.0 ] },
                "south": { "texture": "#0", "uv": [ 0.0, 0.0, 1.0, 2.0 ] },
                "west": { "texture": "#0", "uv": [ 10.0, 5.0, 11.0, 7.0 ] },
                "up": { "texture": "#0", "uv": [ 0.0, 0.0, 1.0, 1.0 ] },
                "down": { "texture": "#0", "uv": [ 0.0, 0.0, 1.0, 1.0 ] }
            }
        },
        {
            "name": "BottomMiddle",
            "from": [ 2.0, 4.0, 2.0 ], 
            "to": [ 14.0, 7.0, 14.0 ], 
            "faces": {
                "north": { "texture": "#1", "uv": [ 0.0, 0.0, 12.0, 4.0 ] },
                "east": { "texture": "#1", "uv": [ 3.0, 5.0, 15.0, 9.0 ] },
                "south": { "texture": "#1", "uv": [ 0.0, 0.0, 12.0, 4.0 ] },
                "west": { "texture": "#1", "uv": [ 0.0, 2.0, 12.0, 6.0 ] },
                "up": { "texture": "#0", "uv": [ 0.0, 0.0, 12.0, 12.0 ] },
                "down": { "texture": "#0", "uv": [ 0.0, 0.0, 12.0, 12.0 ] }
            }
        }
    ]
}