{"stat.craftItem.minecraft.iron_block":4,"stat.craftItem.minecraft.furnace":4,"stat.useItem.testmod.BlockForgeTier1":3,"stat.walkOneCm":14247,"stat.craftItem.testmod.BlockForgeTier1":1,"stat.useItem.testmod.BlockIronForgeCore":4,"stat.craftItem.testmod.BlockIronForgeCore":1,"achievement.openInventory":15,"stat.useItem.testmod.BlockRefractoryBricks":3,"stat.craftItem.testmod.BlockRefractoryBricks":4,"stat.leaveGame":1,"stat.pickup.minecraft.crafting_table":1,"stat.pickup.testmod.ItemNichromeSword":1,"stat.pickup.testmod.ItemTitaniumSword":1,"stat.mineBlock.minecraft.crafting_table":1,"stat.pickup.testmod.BlockNickelBlock":2,"stat.mineBlock.testmod.BlockForgeTier1":2,"stat.useItem.testmod.BlockNickelBlock":2,"stat.mineBlock.testmod.BlockIronForgeCore":1,"stat.flyOneCm":1793,"stat.craftItem.testmod.ItemRefractoryComposite":16,"stat.mineBlock.testmod.BlockNickelBlock":2,"stat.jump":10,"stat.playOneMinute":9687,"stat.pickup.testmod.BlockIronForgeCore":1,"stat.sneakTime":50,"stat.crouchOneCm":88,"stat.useItem.testmod.ItemChromiumPickaxe":5,"stat.timeSinceDeath":9687,"stat.pickup.testmod.BlockForgeTier1":2,"stat.useItem.minecraft.crafting_table":1,"achievement.exploreAllBiomes":{"value":0,"progress":["Plains"]},"stat.craftingTableInteraction":4}