{"stat.flyOneCm":1622,"stat.walkOneCm":9868,"stat.useItem.testmod.BlockForgeTier1":1,"stat.jump":4,"stat.pickup.testmod.ItemBronzeIngot":12,"stat.playOneMinute":2386,"stat.pickup.minecraft.coal":88,"achievement.openInventory":4,"stat.leaveGame":1,"stat.sneakTime":27,"stat.crouchOneCm":158,"stat.useItem.testmod.BlockBellow":2,"stat.timeSinceDeath":2386,"stat.pickup.testmod.ItemNichromeIngot":64,"stat.sprintOneCm":885,"stat.useItem.testmod.BlockCrusher":7,"stat.useItem.minecraft.stonebrick":2,"achievement.exploreAllBiomes":{"value":0,"progress":["Plains"]}}