{"stat.useItem.testmod.BlockBauxiteOre":3,"stat.useItem.testmod.BlockCopperBlock":9,"stat.walkOneCm":29746,"stat.useItem.testmod.BlockBronzeBlock":10,"stat.useItem.testmod.BlockForgeTier1":4,"achievement.openInventory":39,"stat.useItem.testmod.BlockSphaleriteOre":5,"stat.useItem.testmod.BlockNichromeBlock":9,"stat.useItem.testmod.BlockTitaniumBlock":9,"stat.leaveGame":1,"stat.useItem.testmod.BlockBrassBlock":10,"stat.useItem.minecraft.iron_ore":2,"stat.useItem.testmod.BlockNickelBlock":11,"stat.useItem.testmod.BlockGarnieriteOre":6,"stat.useItem.testmod.BlockChromiteOre":4,"stat.useItem.testmod.BlockZincBlock":9,"stat.useItem.minecraft.stonebrick":200,"stat.useItem.testmod.BlockInvarBlock":10,"stat.useItem.testmod.BlockRutileOre":4,"stat.flyOneCm":48142,"stat.jump":5,"stat.playOneMinute":31774,"stat.useItem.minecraft.item_frame":92,"stat.sneakTime":133,"stat.crouchOneCm":113,"stat.useItem.testmod.BlockBellow":4,"stat.timeSinceDeath":31774,"stat.useItem.testmod.BlockAluminumBlock":9,"stat.useItem.testmod.BlockTinBlock":9,"stat.useItem.minecraft.dirt":1,"stat.useItem.minecraft.coal_ore":1,"stat.useItem.testmod.BlockSteelBlock":9,"achievement.exploreAllBiomes":{"value":0,"progress":["Plains"]},"stat.useItem.testmod.BlockChromiumBlock":9,"stat.useItem.testmod.BlockNitinolBlock":9,"stat.useItem.testmod.BlockCassiteriteOre":5,"stat.useItem.testmod.BlockCupriteOre":6}