{"stat.flyOneCm":987,"stat.walkOneCm":1258,"stat.jump":3,"stat.useItem.testmod.BlockIronForgeCore":1,"stat.craftItem.testmod.BlockIronForgeCore":1,"stat.playOneMinute":11945,"achievement.openInventory":11,"stat.leaveGame":1,"stat.sneakTime":25,"stat.furnaceInteraction":4,"stat.useItem.testmod.BlockBellow":2,"stat.crouchOneCm":31,"stat.timeSinceDeath":11945,"stat.useItem.minecraft.crafting_table":1,"stat.useItem.testmod.BlockCrusher":1,"achievement.exploreAllBiomes":{"value":0,"progress":["Plains"]},"stat.pickup.testmod.BlockCrusher":1,"stat.craftingTableInteraction":1,"stat.useItem.testmod.BlockCupriteOre":1}