{
    "__comment": "Model generated using MrCrayfish's Model Creator (http://mrcrayfish.com/modelcreator/)",
    "textures": {
        "0": "blocks/cauldron_side",
        "1": "blocks/cauldron_inner",
        "2": "blocks/chromium_forge",
        "3": "blocks/chromium_forge2",
        "4": "blocks/chromium_block",
        "5": "blocks/ironbar"
    },
    "elements": [
        {
            "name": "base",
            "from": [ 0.0, 0.0, 0.0 ], 
            "to": [ 16.0, 1.0, 16.0 ], 
            "faces": {
                "north": { "texture": "#0", "uv": [ 0.0, 0.0, 16.0, 1.0 ] },
                "east": { "texture": "#0", "uv": [ 0.0, 0.0, 16.0, 1.0 ] },
                "south": { "texture": "#0", "uv": [ 0.0, 0.0, 16.0, 1.0 ] },
                "west": { "texture": "#0", "uv": [ 0.0, 0.0, 16.0, 1.0 ] },
                "up": { "texture": "#1", "uv": [ 0.0, 0.0, 16.0, 16.0 ] },
                "down": { "texture": "#1", "uv": [ 0.0, 0.0, 16.0, 16.0 ] }
            }
        },
        {
            "name": "northwest",
            "from": [ 0.0, 1.0, 0.0 ], 
            "to": [ 1.0, 15.0, 1.0 ], 
            "faces": {
                "north": { "texture": "#0", "uv": [ 0.0, 0.0, 1.0, 14.0 ] },
                "east": { "texture": "#0", "uv": [ 0.0, 0.0, 1.0, 14.0 ] },
                "south": { "texture": "#0", "uv": [ 0.0, 0.0, 1.0, 14.0 ] },
                "west": { "texture": "#0", "uv": [ 0.0, 0.0, 1.0, 14.0 ] },
                "up": { "texture": "#-1", "uv": [ 0.0, 0.0, 1.0, 1.0 ] },
                "down": { "texture": "#-1", "uv": [ 0.0, 0.0, 1.0, 1.0 ] }
            }
        },
        {
            "name": "Cube",
            "from": [ 1.0, 1.0, 1.0 ], 
            "to": [ 15.0, 15.0, 15.0 ], 
            "faces": {
                "north": { "texture": "#2", "uv": [ 1.0, 2.0, 15.0, 16.0 ] },
                "east": { "texture": "#3", "uv": [ 1.0, 1.0, 15.0, 15.0 ] },
                "south": { "texture": "#4", "uv": [ 1.0, 1.0, 15.0, 15.0 ] },
                "west": { "texture": "#3", "uv": [ 1.0, 1.0, 15.0, 15.0 ] },
                "up": { "texture": "#-1", "uv": [ 0.0, 0.0, 14.0, 14.0 ] },
                "down": { "texture": "#-1", "uv": [ 0.0, 0.0, 14.0, 14.0 ] }
            }
        },
        {
            "name": "northeast",
            "from": [ 15.0, 1.0, 0.0 ], 
            "to": [ 16.0, 15.0, 1.0 ], 
            "faces": {
                "north": { "texture": "#0", "uv": [ 0.0, 0.0, 1.0, 14.0 ] },
                "east": { "texture": "#0", "uv": [ 0.0, 0.0, 1.0, 14.0 ] },
                "south": { "texture": "#0", "uv": [ 0.0, 0.0, 1.0, 14.0 ] },
                "west": { "texture": "#0", "uv": [ 0.0, 0.0, 1.0, 14.0 ] },
                "up": { "texture": "#-1", "uv": [ 0.0, 0.0, 1.0, 1.0 ] },
                "down": { "texture": "#-1", "uv": [ 0.0, 0.0, 1.0, 1.0 ] }
            }
        },
        {
            "name": "southeast",
            "from": [ 15.0, 1.0, 15.0 ], 
            "to": [ 16.0, 15.0, 16.0 ], 
            "faces": {
                "north": { "texture": "#0", "uv": [ 0.0, 0.0, 1.0, 14.0 ] },
                "east": { "texture": "#0", "uv": [ 0.0, 0.0, 1.0, 14.0 ] },
                "south": { "texture": "#0", "uv": [ 0.0, 0.0, 1.0, 14.0 ] },
                "west": { "texture": "#0", "uv": [ 0.0, 0.0, 1.0, 14.0 ] },
                "up": { "texture": "#-1", "uv": [ 0.0, 0.0, 1.0, 1.0 ] },
                "down": { "texture": "#-1", "uv": [ 0.0, 0.0, 1.0, 1.0 ] }
            }
        },
        {
            "name": "southwest",
            "from": [ 0.0, 1.0, 15.0 ], 
            "to": [ 1.0, 15.0, 16.0 ], 
            "faces": {
                "north": { "texture": "#0", "uv": [ 0.0, 0.0, 1.0, 14.0 ] },
                "east": { "texture": "#0", "uv": [ 0.0, 0.0, 1.0, 14.0 ] },
                "south": { "texture": "#0", "uv": [ 0.0, 0.0, 1.0, 14.0 ] },
                "west": { "texture": "#0", "uv": [ 0.0, 0.0, 1.0, 14.0 ] },
                "up": { "texture": "#-1", "uv": [ 0.0, 0.0, 1.0, 1.0 ] },
                "down": { "texture": "#-1", "uv": [ 0.0, 0.0, 1.0, 1.0 ] }
            }
        },
        {
            "name": "top",
            "from": [ 0.0, 15.0, 0.0 ], 
            "to": [ 16.0, 16.0, 16.0 ], 
            "faces": {
                "north": { "texture": "#0", "uv": [ 0.0, 0.0, 16.0, 1.0 ] },
                "east": { "texture": "#0", "uv": [ 0.0, 0.0, 16.0, 1.0 ] },
                "south": { "texture": "#0", "uv": [ 0.0, 0.0, 16.0, 1.0 ] },
                "west": { "texture": "#0", "uv": [ 0.0, 0.0, 16.0, 1.0 ] },
                "up": { "texture": "#1", "uv": [ 0.0, 0.0, 16.0, 16.0 ] },
                "down": { "texture": "#1", "uv": [ 0.0, 0.0, 16.0, 16.0 ] }
            }
        },
        {
            "name": "airholeeast",
            "from": [ 15.0, 7.0, 6.0 ], 
            "to": [ 16.0, 10.0, 7.0 ], 
            "faces": {
                "north": { "texture": "#4", "uv": [ 0.0, 0.0, 1.0, 3.0 ] },
                "east": { "texture": "#4", "uv": [ 0.0, 0.0, 1.0, 3.0 ] },
                "south": { "texture": "#4", "uv": [ 0.0, 0.0, 1.0, 2.0 ] },
                "west": { "texture": "#-1", "uv": [ 0.0, 0.0, 1.0, 3.0 ] },
                "up": { "texture": "#4", "uv": [ 0.0, 0.0, 1.0, 1.0 ] },
                "down": { "texture": "#4", "uv": [ 0.0, 0.0, 1.0, 1.0 ] }
            }
        },
        {
            "name": "airholeeast2",
            "from": [ 15.0, 6.0, 9.0 ], 
            "to": [ 16.0, 9.0, 10.0 ], 
            "faces": {
                "north": { "texture": "#4", "uv": [ 0.0, 0.0, 1.0, 3.0 ] },
                "east": { "texture": "#4", "uv": [ 0.0, 0.0, 1.0, 3.0 ] },
                "south": { "texture": "#4", "uv": [ 0.0, 0.0, 1.0, 3.0 ] },
                "west": { "texture": "#-1", "uv": [ 0.0, 0.0, 1.0, 3.0 ] },
                "up": { "texture": "#4", "uv": [ 0.0, 0.0, 1.0, 1.0 ] },
                "down": { "texture": "#4", "uv": [ 0.0, 0.0, 1.0, 1.0 ] }
            }
        },
        {
            "name": "airholeeast3",
            "from": [ 15.0, 9.0, 7.0 ], 
            "to": [ 16.0, 10.0, 10.0 ], 
            "faces": {
                "north": { "texture": "#4", "uv": [ 0.0, 0.0, 1.0, 1.0 ] },
                "east": { "texture": "#4", "uv": [ 0.0, 0.0, 3.0, 1.0 ] },
                "south": { "texture": "#4", "uv": [ 0.0, 0.0, 1.0, 1.0 ] },
                "west": { "texture": "#-1", "uv": [ 0.0, 0.0, 3.0, 1.0 ] },
                "up": { "texture": "#4", "uv": [ 0.0, 0.0, 1.0, 3.0 ] },
                "down": { "texture": "#4", "uv": [ 0.0, 0.0, 1.0, 3.0 ] }
            }
        },
        {
            "name": "airholeeast4",
            "from": [ 15.0, 6.0, 6.0 ], 
            "to": [ 16.0, 7.0, 9.0 ], 
            "faces": {
                "north": { "texture": "#4", "uv": [ 0.0, 0.0, 1.0, 1.0 ] },
                "east": { "texture": "#4", "uv": [ 0.0, 0.0, 3.0, 1.0 ] },
                "south": { "texture": "#4", "uv": [ 0.0, 0.0, 1.0, 1.0 ] },
                "west": { "texture": "#-1", "uv": [ 0.0, 0.0, 3.0, 1.0 ] },
                "up": { "texture": "#4", "uv": [ 0.0, 0.0, 1.0, 3.0 ] },
                "down": { "texture": "#4", "uv": [ 0.0, 0.0, 1.0, 3.0 ] }
            }
        },
        {
            "name": "airholewest",
            "from": [ 0.0, 7.0, 6.0 ], 
            "to": [ 1.0, 10.0, 7.0 ], 
            "faces": {
                "north": { "texture": "#4", "uv": [ 0.0, 0.0, 1.0, 3.0 ] },
                "east": { "texture": "#-1", "uv": [ 0.0, 0.0, 1.0, 3.0 ] },
                "south": { "texture": "#4", "uv": [ 0.0, 0.0, 1.0, 3.0 ] },
                "west": { "texture": "#4", "uv": [ 0.0, 0.0, 1.0, 3.0 ] },
                "up": { "texture": "#4", "uv": [ 0.0, 0.0, 1.0, 1.0 ] },
                "down": { "texture": "#4", "uv": [ 0.0, 0.0, 1.0, 1.0 ] }
            }
        },
        {
            "name": "airholewest2",
            "from": [ 0.0, 6.0, 9.0 ], 
            "to": [ 1.0, 9.0, 10.0 ], 
            "faces": {
                "north": { "texture": "#4", "uv": [ 0.0, 0.0, 1.0, 3.0 ] },
                "east": { "texture": "#-1", "uv": [ 0.0, 0.0, 1.0, 3.0 ] },
                "south": { "texture": "#4", "uv": [ 0.0, 0.0, 1.0, 3.0 ] },
                "west": { "texture": "#4", "uv": [ 0.0, 0.0, 1.0, 3.0 ] },
                "up": { "texture": "#4", "uv": [ 0.0, 0.0, 1.0, 1.0 ] },
                "down": { "texture": "#4", "uv": [ 0.0, 0.0, 1.0, 1.0 ] }
            }
        },
        {
            "name": "airholewest3",
            "from": [ 0.0, 9.0, 7.0 ], 
            "to": [ 1.0, 10.0, 10.0 ], 
            "faces": {
                "north": { "texture": "#4", "uv": [ 0.0, 0.0, 1.0, 1.0 ] },
                "east": { "texture": "#-1", "uv": [ 0.0, 0.0, 3.0, 1.0 ] },
                "south": { "texture": "#4", "uv": [ 0.0, 0.0, 1.0, 1.0 ] },
                "west": { "texture": "#4", "uv": [ 0.0, 0.0, 3.0, 1.0 ] },
                "up": { "texture": "#4", "uv": [ 0.0, 0.0, 1.0, 3.0 ] },
                "down": { "texture": "#4", "uv": [ 0.0, 0.0, 1.0, 3.0 ] }
            }
        },
        {
            "name": "airholewest4",
            "from": [ 0.0, 6.0, 6.0 ], 
            "to": [ 1.0, 7.0, 9.0 ], 
            "faces": {
                "north": { "texture": "#4", "uv": [ 0.0, 0.0, 1.0, 1.0 ] },
                "east": { "texture": "#-1", "uv": [ 0.0, 0.0, 3.0, 1.0 ] },
                "south": { "texture": "#4", "uv": [ 0.0, 0.0, 1.0, 1.0 ] },
                "west": { "texture": "#4", "uv": [ 0.0, 0.0, 3.0, 1.0 ] },
                "up": { "texture": "#4", "uv": [ 0.0, 0.0, 1.0, 3.0 ] },
                "down": { "texture": "#4", "uv": [ 0.0, 0.0, 1.0, 3.0 ] }
            }
        },
        {
            "name": "top1",
            "from": [ 1.0, 16.0, 1.0 ], 
            "to": [ 15.0, 17.0, 15.0 ], 
            "faces": {
                "north": { "texture": "#0", "uv": [ 0.0, 0.0, 14.0, 1.0 ] },
                "east": { "texture": "#0", "uv": [ 0.0, 0.0, 14.0, 1.0 ] },
                "south": { "texture": "#0", "uv": [ 0.0, 0.0, 14.0, 1.0 ] },
                "west": { "texture": "#0", "uv": [ 0.0, 0.0, 14.0, 1.0 ] },
                "up": { "texture": "#1", "uv": [ 0.0, 0.0, 14.0, 14.0 ] },
                "down": { "texture": "#-1", "uv": [ 0.0, 0.0, 14.0, 14.0 ] }
            }
        },
        {
            "name": "top2",
            "from": [ 2.0, 17.0, 2.0 ], 
            "to": [ 14.0, 18.0, 14.0 ], 
            "faces": {
                "north": { "texture": "#0", "uv": [ 0.0, 0.0, 12.0, 1.0 ] },
                "east": { "texture": "#0", "uv": [ 0.0, 0.0, 12.0, 1.0 ] },
                "south": { "texture": "#0", "uv": [ 0.0, 0.0, 12.0, 1.0 ] },
                "west": { "texture": "#0", "uv": [ 0.0, 0.0, 12.0, 1.0 ] },
                "up": { "texture": "#1", "uv": [ 0.0, 0.0, 12.0, 12.0 ] },
                "down": { "texture": "#-1", "uv": [ 0.0, 0.0, 12.0, 12.0 ] }
            }
        },
        {
            "name": "top3",
            "from": [ 3.0, 18.0, 3.0 ], 
            "to": [ 13.0, 19.0, 13.0 ], 
            "faces": {
                "north": { "texture": "#0", "uv": [ 0.0, 0.0, 10.0, 2.0 ] },
                "east": { "texture": "#0", "uv": [ 0.0, 0.0, 10.0, 2.0 ] },
                "south": { "texture": "#0", "uv": [ 0.0, 0.0, 10.0, 2.0 ] },
                "west": { "texture": "#0", "uv": [ 0.0, 0.0, 10.0, 2.0 ] },
                "up": { "texture": "#1", "uv": [ 0.0, 0.0, 10.0, 10.0 ] },
                "down": { "texture": "#-1", "uv": [ 0.0, 0.0, 10.0, 10.0 ] }
            }
        },
        {
            "name": "topwall1",
            "from": [ 5.0, 19.0, 4.0 ], 
            "to": [ 12.0, 32.0, 5.0 ], 
            "faces": {
                "north": { "texture": "#0", "uv": [ 0.0, 0.0, 7.0, 13.0 ] },
                "east": { "texture": "#0", "uv": [ 0.0, 0.0, 1.0, 13.0 ] },
                "south": { "texture": "#0", "uv": [ 0.0, 0.0, 7.0, 13.0 ] },
                "west": { "texture": "#-1", "uv": [ 0.0, 0.0, 1.0, 13.0 ] },
                "up": { "texture": "#1", "uv": [ 0.0, 0.0, 7.0, 1.0 ] },
                "down": { "texture": "#-1", "uv": [ 0.0, 0.0, 7.0, 1.0 ] }
            }
        },
        {
            "name": "topwall2",
            "from": [ 4.0, 19.0, 11.0 ], 
            "to": [ 11.0, 32.0, 12.0 ], 
            "faces": {
                "north": { "texture": "#0", "uv": [ 0.0, 0.0, 7.0, 13.0 ] },
                "east": { "texture": "#-1", "uv": [ 0.0, 0.0, 1.0, 13.0 ] },
                "south": { "texture": "#0", "uv": [ 0.0, 0.0, 7.0, 13.0 ] },
                "west": { "texture": "#0", "uv": [ 0.0, 0.0, 1.0, 13.0 ] },
                "up": { "texture": "#1", "uv": [ 0.0, 0.0, 7.0, 1.0 ] },
                "down": { "texture": "#-1", "uv": [ 0.0, 0.0, 7.0, 1.0 ] }
            }
        },
        {
            "name": "topwall3",
            "from": [ 4.0, 19.0, 4.0 ], 
            "to": [ 5.0, 32.0, 11.0 ], 
            "faces": {
                "north": { "texture": "#0", "uv": [ 0.0, 0.0, 1.0, 13.0 ] },
                "east": { "texture": "#0", "uv": [ 0.0, 0.0, 7.0, 13.0 ] },
                "south": { "texture": "#-1", "uv": [ 0.0, 0.0, 1.0, 13.0 ] },
                "west": { "texture": "#0", "uv": [ 0.0, 0.0, 7.0, 13.0 ] },
                "up": { "texture": "#1", "uv": [ 0.0, 0.0, 1.0, 7.0 ] },
                "down": { "texture": "#-1", "uv": [ 0.0, 0.0, 1.0, 7.0 ] }
            }
        },
        {
            "name": "topwall4",
            "from": [ 11.0, 19.0, 5.0 ], 
            "to": [ 12.0, 32.0, 12.0 ], 
            "faces": {
                "north": { "texture": "#-1", "uv": [ 0.0, 0.0, 1.0, 13.0 ] },
                "east": { "texture": "#0", "uv": [ 0.0, 0.0, 7.0, 13.0 ] },
                "south": { "texture": "#0", "uv": [ 0.0, 0.0, 1.0, 13.0 ] },
                "west": { "texture": "#0", "uv": [ 0.0, 0.0, -8.0, 12.0 ] },
                "up": { "texture": "#0", "uv": [ 0.0, 0.0, -10.0, 4.0 ] },
                "down": { "texture": "#-1", "uv": [ 0.0, 0.0, -3.0, 6.0 ] }
            }
        },
        {
            "name": "ironbar",
            "from": [ 5.0, 19.0, 5.0 ], 
            "to": [ 11.0, 20.0, 11.0 ], 
            "faces": {
                "north": { "texture": "#0", "uv": [ 0.0, 0.0, 10.0, 2.0 ] },
                "east": { "texture": "#0", "uv": [ 0.0, 0.0, 10.0, 2.0 ] },
                "south": { "texture": "#0", "uv": [ 0.0, 0.0, 10.0, 2.0 ] },
                "west": { "texture": "#0", "uv": [ 0.0, 0.0, 10.0, 2.0 ] },
                "up": { "texture": "#5", "uv": [ 1.0, 6.0, 11.0, 16.0 ] },
                "down": { "texture": "#-1", "uv": [ 0.0, 0.0, 10.0, 10.0 ] }
            }
        }
    ]
}